{"nodes":{"node:100000":{"location":{"x":20,"y":30}},"node:100001":{"location":{"x":476,"y":32}},"node:200000":{"location":{"x":212,"y":32}}},"selection":["node:100001"],"view":{"scroll":{"x":272.078887939453125,"y":-149.995376586914062},"visible_rect":{"max":{"x":720.10516357421875,"y":428.006195068359375},"min":{"x":362.7718505859375,"y":-199.99383544921875}},"zoom":0.75}}