{"nodes":{"node:100000":{"location":{"x":20,"y":30}}},"selection":null,"view":{"scroll":{"x":-15.1589164733886719,"y":-51.91302490234375},"visible_rect":{"max":{"x":489.584320068359375,"y":297.666595458984375},"min":{"x":-24.917877197265625,"y":-85.3334274291992188}},"zoom":0.608355045318603516}}